address;source_location;insn;indent
0x406110;/home/ndkd/lab/ihpc/aoc/architecture-opt-hpc-NPBMG/NPBx/NPB-CPP/NPB-OMP/MG/mg.cpp:1104;MOV	0x198(%RSP),%RAX;
0x406118;/home/ndkd/lab/ihpc/aoc/architecture-opt-hpc-NPBMG/NPBx/NPB-CPP/NPB-OMP/MG/mg.cpp:1104;MOV	0x98(%RSP),%RSI;
0x406120;/home/ndkd/lab/ihpc/aoc/architecture-opt-hpc-NPBMG/NPBx/NPB-CPP/NPB-OMP/MG/mg.cpp:1104;MOV	0x90(%RSP),%R15;
0x406128;/home/ndkd/lab/ihpc/aoc/architecture-opt-hpc-NPBMG/NPBx/NPB-CPP/NPB-OMP/MG/mg.cpp:1104;MOV	0xe8(%RSP),%RCX;
0x406130;/home/ndkd/lab/ihpc/aoc/architecture-opt-hpc-NPBMG/NPBx/NPB-CPP/NPB-OMP/MG/mg.cpp:1106;INC	%R8;
0x406133;/home/ndkd/lab/ihpc/aoc/architecture-opt-hpc-NPBMG/NPBx/NPB-CPP/NPB-OMP/MG/mg.cpp:1106;ADD	0x188(%RSP),%RCX;
0x40613b;/home/ndkd/lab/ihpc/aoc/architecture-opt-hpc-NPBMG/NPBx/NPB-CPP/NPB-OMP/MG/mg.cpp:1106;ADD	%RAX,0x88(%RSP);
0x406143;/home/ndkd/lab/ihpc/aoc/architecture-opt-hpc-NPBMG/NPBx/NPB-CPP/NPB-OMP/MG/mg.cpp:1106;ADD	%RAX,0x80(%RSP);
0x40614b;/home/ndkd/lab/ihpc/aoc/architecture-opt-hpc-NPBMG/NPBx/NPB-CPP/NPB-OMP/MG/mg.cpp:1106;ADD	%RAX,(%RSP);
0x40614f;/home/ndkd/lab/ihpc/aoc/architecture-opt-hpc-NPBMG/NPBx/NPB-CPP/NPB-OMP/MG/mg.cpp:1106;ADD	%RAX,%R12;
0x406152;/home/ndkd/lab/ihpc/aoc/architecture-opt-hpc-NPBMG/NPBx/NPB-CPP/NPB-OMP/MG/mg.cpp:1106;ADD	%RAX,%RSI;
0x406155;/home/ndkd/lab/ihpc/aoc/architecture-opt-hpc-NPBMG/NPBx/NPB-CPP/NPB-OMP/MG/mg.cpp:1106;ADD	%RAX,%RBX;
0x406158;/home/ndkd/lab/ihpc/aoc/architecture-opt-hpc-NPBMG/NPBx/NPB-CPP/NPB-OMP/MG/mg.cpp:1106;ADD	%RAX,%R15;
0x40615b;/home/ndkd/lab/ihpc/aoc/architecture-opt-hpc-NPBMG/NPBx/NPB-CPP/NPB-OMP/MG/mg.cpp:1106;ADD	%RAX,%R11;
0x40615e;/home/ndkd/lab/ihpc/aoc/architecture-opt-hpc-NPBMG/NPBx/NPB-CPP/NPB-OMP/MG/mg.cpp:1106;ADD	%RAX,%R10;
0x406161;/home/ndkd/lab/ihpc/aoc/architecture-opt-hpc-NPBMG/NPBx/NPB-CPP/NPB-OMP/MG/mg.cpp:1106;CMP	0x1c8(%RSP),%R8;
0x406169;/home/ndkd/lab/ihpc/aoc/architecture-opt-hpc-NPBMG/NPBx/NPB-CPP/NPB-OMP/MG/mg.cpp:1106;JE	405f60 <_ZL4mg3PPdS_S_S_S_iiii+0x460>;
0x40616f;/home/ndkd/lab/ihpc/aoc/architecture-opt-hpc-NPBMG/NPBx/NPB-CPP/NPB-OMP/MG/mg.cpp:1106;MOV	0x1d0(%RSP),%RDI;
0x406177;/home/ndkd/lab/ihpc/aoc/architecture-opt-hpc-NPBMG/NPBx/NPB-CPP/NPB-OMP/MG/mg.cpp:1106;MOV	%R8,0x218(%RSP);
0x40617f;/home/ndkd/lab/ihpc/aoc/architecture-opt-hpc-NPBMG/NPBx/NPB-CPP/NPB-OMP/MG/mg.cpp:1106;MOV	%RCX,0xe8(%RSP);
0x406187;/home/ndkd/lab/ihpc/aoc/architecture-opt-hpc-NPBMG/NPBx/NPB-CPP/NPB-OMP/MG/mg.cpp:1106;MOV	%R12,0xf0(%RSP);
0x40618f;/home/ndkd/lab/ihpc/aoc/architecture-opt-hpc-NPBMG/NPBx/NPB-CPP/NPB-OMP/MG/mg.cpp:1106;MOV	0x1d8(%RSP),%R14;
0x406197;/home/ndkd/lab/ihpc/aoc/architecture-opt-hpc-NPBMG/NPBx/NPB-CPP/NPB-OMP/MG/mg.cpp:1106;MOV	%RSI,0x98(%RSP);
0x40619f;/home/ndkd/lab/ihpc/aoc/architecture-opt-hpc-NPBMG/NPBx/NPB-CPP/NPB-OMP/MG/mg.cpp:1106;MOV	%R15,0x90(%RSP);
0x4061a7;/home/ndkd/lab/ihpc/aoc/architecture-opt-hpc-NPBMG/NPBx/NPB-CPP/NPB-OMP/MG/mg.cpp:1107;LEA	(%RDI,%R8,2),%RAX;
0x4061ab;/home/ndkd/lab/ihpc/aoc/architecture-opt-hpc-NPBMG/NPBx/NPB-CPP/NPB-OMP/MG/mg.cpp:1107;LEA	0x2(%RDI,%R8,2),%RDX;
0x4061b0;/home/ndkd/lab/ihpc/aoc/architecture-opt-hpc-NPBMG/NPBx/NPB-CPP/NPB-OMP/MG/mg.cpp:1107;LEA	0x1(%RDI,%R8,2),%RDI;
0x4061b5;/home/ndkd/lab/ihpc/aoc/architecture-opt-hpc-NPBMG/NPBx/NPB-CPP/NPB-OMP/MG/mg.cpp:1107;MOV	0xc8(%RSP),%R8;
0x4061bd;/home/ndkd/lab/ihpc/aoc/architecture-opt-hpc-NPBMG/NPBx/NPB-CPP/NPB-OMP/MG/mg.cpp:1107;IMUL	%R9,%RAX;
0x4061c1;/home/ndkd/lab/ihpc/aoc/architecture-opt-hpc-NPBMG/NPBx/NPB-CPP/NPB-OMP/MG/mg.cpp:1107;IMUL	%R9,%RDX;
0x4061c5;/home/ndkd/lab/ihpc/aoc/architecture-opt-hpc-NPBMG/NPBx/NPB-CPP/NPB-OMP/MG/mg.cpp:1107;IMUL	%R9,%RDI;
0x4061c9;/home/ndkd/lab/ihpc/aoc/architecture-opt-hpc-NPBMG/NPBx/NPB-CPP/NPB-OMP/MG/mg.cpp:1107;LEA	(%R8,%RDX,8),%RCX;
0x4061cd;/home/ndkd/lab/ihpc/aoc/architecture-opt-hpc-NPBMG/NPBx/NPB-CPP/NPB-OMP/MG/mg.cpp:1107;LEA	(%R8,%RAX,8),%R12;
0x4061d1;/home/ndkd/lab/ihpc/aoc/architecture-opt-hpc-NPBMG/NPBx/NPB-CPP/NPB-OMP/MG/mg.cpp:1107;MOV	0x1e0(%RSP),%R8;
0x4061d9;/home/ndkd/lab/ihpc/aoc/architecture-opt-hpc-NPBMG/NPBx/NPB-CPP/NPB-OMP/MG/mg.cpp:1107;MOV	%RDI,0x210(%RSP);
0x4061e1;/home/ndkd/lab/ihpc/aoc/architecture-opt-hpc-NPBMG/NPBx/NPB-CPP/NPB-OMP/MG/mg.cpp:1107;MOV	%RCX,0xd8(%RSP);
0x4061e9;/home/ndkd/lab/ihpc/aoc/architecture-opt-hpc-NPBMG/NPBx/NPB-CPP/NPB-OMP/MG/mg.cpp:1107;LEA	(%R14,%RDX,8),%RCX;
0x4061ed;/home/ndkd/lab/ihpc/aoc/architecture-opt-hpc-NPBMG/NPBx/NPB-CPP/NPB-OMP/MG/mg.cpp:1107;LEA	(%R8,%RDI,8),%R13;
0x4061f1;/home/ndkd/lab/ihpc/aoc/architecture-opt-hpc-NPBMG/NPBx/NPB-CPP/NPB-OMP/MG/mg.cpp:1107;LEA	(%R14,%RDI,8),%RDI;
0x4061f5;/home/ndkd/lab/ihpc/aoc/architecture-opt-hpc-NPBMG/NPBx/NPB-CPP/NPB-OMP/MG/mg.cpp:1107;LEA	(%R8,%RDX,8),%R9;
0x4061f9;/home/ndkd/lab/ihpc/aoc/architecture-opt-hpc-NPBMG/NPBx/NPB-CPP/NPB-OMP/MG/mg.cpp:1107;MOV	%RDI,0xe0(%RSP);
0x406201;/home/ndkd/lab/ihpc/aoc/architecture-opt-hpc-NPBMG/NPBx/NPB-CPP/NPB-OMP/MG/mg.cpp:1107;LEA	(%R8,%RAX,8),%RDI;
0x406205;/home/ndkd/lab/ihpc/aoc/architecture-opt-hpc-NPBMG/NPBx/NPB-CPP/NPB-OMP/MG/mg.cpp:1107;LEA	(%R14,%RAX,8),%RAX;
0x406209;/home/ndkd/lab/ihpc/aoc/architecture-opt-hpc-NPBMG/NPBx/NPB-CPP/NPB-OMP/MG/mg.cpp:1107;MOV	$0x1,%R14D;
0x40620f;/home/ndkd/lab/ihpc/aoc/architecture-opt-hpc-NPBMG/NPBx/NPB-CPP/NPB-OMP/MG/mg.cpp:1107;MOV	%RAX,0xd0(%RSP);
0x406217;/home/ndkd/lab/ihpc/aoc/architecture-opt-hpc-NPBMG/NPBx/NPB-CPP/NPB-OMP/MG/mg.cpp:1107;CMP	$0xa,%EBP;
0x40621a;/home/ndkd/lab/ihpc/aoc/architecture-opt-hpc-NPBMG/NPBx/NPB-CPP/NPB-OMP/MG/mg.cpp:1108;JB	406346 <_ZL4mg3PPdS_S_S_S_iiii+0x846>;
0x406220;/home/ndkd/lab/ihpc/aoc/architecture-opt-hpc-NPBMG/NPBx/NPB-CPP/NPB-OMP/MG/mg.cpp:1108;MOV	0x170(%RSP),%RAX;
0x406228;/home/ndkd/lab/ihpc/aoc/architecture-opt-hpc-NPBMG/NPBx/NPB-CPP/NPB-OMP/MG/mg.cpp:1108;MOV	0xe0(%RSP),%R14;
0x406230;/home/ndkd/lab/ihpc/aoc/architecture-opt-hpc-NPBMG/NPBx/NPB-CPP/NPB-OMP/MG/mg.cpp:1108;MOV	0xd8(%RSP),%RBP;
0x406238;/home/ndkd/lab/ihpc/aoc/architecture-opt-hpc-NPBMG/NPBx/NPB-CPP/NPB-OMP/MG/mg.cpp:1108;MOV	0xd0(%RSP),%R15;
0x406240;/home/ndkd/lab/ihpc/aoc/architecture-opt-hpc-NPBMG/NPBx/NPB-CPP/NPB-OMP/MG/mg.cpp:1108;LEA	0x230(%RSP),%RSI;
0x406248;/home/ndkd/lab/ihpc/aoc/architecture-opt-hpc-NPBMG/NPBx/NPB-CPP/NPB-OMP/MG/mg.cpp:1108;LEA	0x1250(%RSP),%R8;
0x406250;/home/ndkd/lab/ihpc/aoc/architecture-opt-hpc-NPBMG/NPBx/NPB-CPP/NPB-OMP/MG/mg.cpp:1108;VMOVDQA64	%ZMM10,%ZMM1;
0x406256;/home/ndkd/lab/ihpc/aoc/architecture-opt-hpc-NPBMG/NPBx/NPB-CPP/NPB-OMP/MG/mg.cpp:1108;NOPW	%CS:(%RAX,%RAX,1);
0x406260;/home/ndkd/lab/ihpc/aoc/architecture-opt-hpc-NPBMG/NPBx/NPB-CPP/NPB-OMP/MG/mg.cpp:1109;VPADDQ	%ZMM1,%ZMM1,%ZMM2;  (60) 
0x406266;/home/ndkd/lab/ihpc/aoc/architecture-opt-hpc-NPBMG/NPBx/NPB-CPP/NPB-OMP/MG/mg.cpp:1110;KXNORW	%K0,%K0,%K1;  (60) 
0x40626a;/home/ndkd/lab/ihpc/aoc/architecture-opt-hpc-NPBMG/NPBx/NPB-CPP/NPB-OMP/MG/mg.cpp:1110;VPADDQ	%ZMM12,%ZMM1,%ZMM1;  (60) 
0x406270;/home/ndkd/lab/ihpc/aoc/architecture-opt-hpc-NPBMG/NPBx/NPB-CPP/NPB-OMP/MG/mg.cpp:1110;ADD	$-0x8,%RAX;  (60) 
0x406274;/home/ndkd/lab/ihpc/aoc/architecture-opt-hpc-NPBMG/NPBx/NPB-CPP/NPB-OMP/MG/mg.cpp:1109;VPSUBQ	%ZMM0,%ZMM2,%ZMM2;  (60) 
0x40627a;/home/ndkd/lab/ihpc/aoc/architecture-opt-hpc-NPBMG/NPBx/NPB-CPP/NPB-OMP/MG/mg.cpp:1110;VMOVQ	%XMM2,%RDX;  (60) 
0x40627f;/home/ndkd/lab/ihpc/aoc/architecture-opt-hpc-NPBMG/NPBx/NPB-CPP/NPB-OMP/MG/mg.cpp:1110;VMOVUPD	(%RBP,%RDX,8),%ZMM3;  (60) 
0x406287;/home/ndkd/lab/ihpc/aoc/architecture-opt-hpc-NPBMG/NPBx/NPB-CPP/NPB-OMP/MG/mg.cpp:1110;VMOVUPD	0x40(%RBP,%RDX,8),%ZMM4;  (60) 
0x40628f;/home/ndkd/lab/ihpc/aoc/architecture-opt-hpc-NPBMG/NPBx/NPB-CPP/NPB-OMP/MG/mg.cpp:1111;VMOVUPD	(%R14,%RDX,8),%ZMM5;  (60) 
0x406296;/home/ndkd/lab/ihpc/aoc/architecture-opt-hpc-NPBMG/NPBx/NPB-CPP/NPB-OMP/MG/mg.cpp:1110;VADDPD	(%R12,%RDX,8),%ZMM3,%ZMM3;  (60) 
0x40629d;/home/ndkd/lab/ihpc/aoc/architecture-opt-hpc-NPBMG/NPBx/NPB-CPP/NPB-OMP/MG/mg.cpp:1110;VADDPD	0x40(%R12,%RDX,8),%ZMM4,%ZMM4;  (60) 
0x4062a5;/home/ndkd/lab/ihpc/aoc/architecture-opt-hpc-NPBMG/NPBx/NPB-CPP/NPB-OMP/MG/mg.cpp:1110;VPERMT2PD	0x40(%R14,%RDX,8),%ZMM11,%ZMM5;  (60) 
0x4062ad;/home/ndkd/lab/ihpc/aoc/architecture-opt-hpc-NPBMG/NPBx/NPB-CPP/NPB-OMP/MG/mg.cpp:1111;VADDPD	0x40(%R13,%RDX,8),%ZMM4,%ZMM4;  (60) 
0x4062b5;/home/ndkd/lab/ihpc/aoc/architecture-opt-hpc-NPBMG/NPBx/NPB-CPP/NPB-OMP/MG/mg.cpp:1111;VADDPD	(%R13,%RDX,8),%ZMM3,%ZMM3;  (60) 
0x4062bd;/home/ndkd/lab/ihpc/aoc/architecture-opt-hpc-NPBMG/NPBx/NPB-CPP/NPB-OMP/MG/mg.cpp:1111;VPERMT2PD	%ZMM4,%ZMM11,%ZMM3;  (60) 
0x4062c3;/home/ndkd/lab/ihpc/aoc/architecture-opt-hpc-NPBMG/NPBx/NPB-CPP/NPB-OMP/MG/mg.cpp:1111;VADDPD	%ZMM5,%ZMM3,%ZMM3;  (60) 
0x4062c9;/home/ndkd/lab/ihpc/aoc/architecture-opt-hpc-NPBMG/NPBx/NPB-CPP/NPB-OMP/MG/mg.cpp:1110;VSCATTERQPD	%ZMM3,(%R8,%ZMM2,8){%K1};  (60) 
0x4062d0;/home/ndkd/lab/ihpc/aoc/architecture-opt-hpc-NPBMG/NPBx/NPB-CPP/NPB-OMP/MG/mg.cpp:1112;KXNORW	%K0,%K0,%K1;  (60) 
0x4062d4;/home/ndkd/lab/ihpc/aoc/architecture-opt-hpc-NPBMG/NPBx/NPB-CPP/NPB-OMP/MG/mg.cpp:1112;VMOVUPD	(%R15,%RDX,8),%ZMM3;  (60) 
0x4062db;/home/ndkd/lab/ihpc/aoc/architecture-opt-hpc-NPBMG/NPBx/NPB-CPP/NPB-OMP/MG/mg.cpp:1112;VMOVUPD	0x40(%R15,%RDX,8),%ZMM4;  (60) 
0x4062e3;/home/ndkd/lab/ihpc/aoc/architecture-opt-hpc-NPBMG/NPBx/NPB-CPP/NPB-OMP/MG/mg.cpp:1113;VMOVUPD	(%RCX,%RDX,8),%ZMM5;  (60) 
0x4062ea;/home/ndkd/lab/ihpc/aoc/architecture-opt-hpc-NPBMG/NPBx/NPB-CPP/NPB-OMP/MG/mg.cpp:1112;VADDPD	(%RDI,%RDX,8),%ZMM3,%ZMM3;  (60) 
0x4062f1;/home/ndkd/lab/ihpc/aoc/architecture-opt-hpc-NPBMG/NPBx/NPB-CPP/NPB-OMP/MG/mg.cpp:1112;VADDPD	0x40(%RDI,%RDX,8),%ZMM4,%ZMM4;  (60) 
0x4062f9;/home/ndkd/lab/ihpc/aoc/architecture-opt-hpc-NPBMG/NPBx/NPB-CPP/NPB-OMP/MG/mg.cpp:1112;VPERMT2PD	0x40(%RCX,%RDX,8),%ZMM11,%ZMM5;  (60) 
0x406301;/home/ndkd/lab/ihpc/aoc/architecture-opt-hpc-NPBMG/NPBx/NPB-CPP/NPB-OMP/MG/mg.cpp:1113;VADDPD	0x40(%R9,%RDX,8),%ZMM4,%ZMM4;  (60) 
0x406309;/home/ndkd/lab/ihpc/aoc/architecture-opt-hpc-NPBMG/NPBx/NPB-CPP/NPB-OMP/MG/mg.cpp:1113;VADDPD	(%R9,%RDX,8),%ZMM3,%ZMM3;  (60) 
0x406310;/home/ndkd/lab/ihpc/aoc/architecture-opt-hpc-NPBMG/NPBx/NPB-CPP/NPB-OMP/MG/mg.cpp:1113;VPERMT2PD	%ZMM4,%ZMM11,%ZMM3;  (60) 
0x406316;/home/ndkd/lab/ihpc/aoc/architecture-opt-hpc-NPBMG/NPBx/NPB-CPP/NPB-OMP/MG/mg.cpp:1113;VADDPD	%ZMM5,%ZMM3,%ZMM3;  (60) 
0x40631c;/home/ndkd/lab/ihpc/aoc/architecture-opt-hpc-NPBMG/NPBx/NPB-CPP/NPB-OMP/MG/mg.cpp:1112;VSCATTERQPD	%ZMM3,(%RSI,%ZMM2,8){%K1};  (60) 
0x406323;/home/ndkd/lab/ihpc/aoc/architecture-opt-hpc-NPBMG/NPBx/NPB-CPP/NPB-OMP/MG/mg.cpp:1112;JNE	406260 <_ZL4mg3PPdS_S_S_S_iiii+0x760>;  (60) 
0x406329;/home/ndkd/lab/ihpc/aoc/architecture-opt-hpc-NPBMG/NPBx/NPB-CPP/NPB-OMP/MG/mg.cpp:1112;MOV	0x168(%RSP),%R14;
0x406331;/home/ndkd/lab/ihpc/aoc/architecture-opt-hpc-NPBMG/NPBx/NPB-CPP/NPB-OMP/MG/mg.cpp:1112;MOV	0x98(%RSP),%RSI;
0x406339;/home/ndkd/lab/ihpc/aoc/architecture-opt-hpc-NPBMG/NPBx/NPB-CPP/NPB-OMP/MG/mg.cpp:1112;MOV	0x8(%RSP),%RBP;
0x40633e;/home/ndkd/lab/ihpc/aoc/architecture-opt-hpc-NPBMG/NPBx/NPB-CPP/NPB-OMP/MG/mg.cpp:1112;MOV	0x90(%RSP),%R15;
0x406346;/home/ndkd/lab/ihpc/aoc/architecture-opt-hpc-NPBMG/NPBx/NPB-CPP/NPB-OMP/MG/mg.cpp:1112;MOV	%R13,0x1e8(%RSP);
0x40634e;/home/ndkd/lab/ihpc/aoc/architecture-opt-hpc-NPBMG/NPBx/NPB-CPP/NPB-OMP/MG/mg.cpp:1112;MOV	%R12,0x1f0(%RSP);
0x406356;/home/ndkd/lab/ihpc/aoc/architecture-opt-hpc-NPBMG/NPBx/NPB-CPP/NPB-OMP/MG/mg.cpp:1112;MOV	%R9,0x200(%RSP);
0x40635e;/home/ndkd/lab/ihpc/aoc/architecture-opt-hpc-NPBMG/NPBx/NPB-CPP/NPB-OMP/MG/mg.cpp:1112;MOV	%R15,%R9;
0x406361;/home/ndkd/lab/ihpc/aoc/architecture-opt-hpc-NPBMG/NPBx/NPB-CPP/NPB-OMP/MG/mg.cpp:1112;MOV	%R11,0x228(%RSP);
0x406369;/home/ndkd/lab/ihpc/aoc/architecture-opt-hpc-NPBMG/NPBx/NPB-CPP/NPB-OMP/MG/mg.cpp:1112;MOV	%R11,%R13;
0x40636c;/home/ndkd/lab/ihpc/aoc/architecture-opt-hpc-NPBMG/NPBx/NPB-CPP/NPB-OMP/MG/mg.cpp:1112;MOV	%RSI,%R11;
0x40636f;/home/ndkd/lab/ihpc/aoc/architecture-opt-hpc-NPBMG/NPBx/NPB-CPP/NPB-OMP/MG/mg.cpp:1112;MOV	%RBX,0x220(%RSP);
0x406377;/home/ndkd/lab/ihpc/aoc/architecture-opt-hpc-NPBMG/NPBx/NPB-CPP/NPB-OMP/MG/mg.cpp:1112;MOV	%RBX,%RDX;
0x40637a;/home/ndkd/lab/ihpc/aoc/architecture-opt-hpc-NPBMG/NPBx/NPB-CPP/NPB-OMP/MG/mg.cpp:1112;MOV	(%RSP),%RBX;
0x40637e;/home/ndkd/lab/ihpc/aoc/architecture-opt-hpc-NPBMG/NPBx/NPB-CPP/NPB-OMP/MG/mg.cpp:1112;MOV	0x1b0(%RSP),%R12;
0x406386;/home/ndkd/lab/ihpc/aoc/architecture-opt-hpc-NPBMG/NPBx/NPB-CPP/NPB-OMP/MG/mg.cpp:1112;MOV	0x80(%RSP),%R15;
0x40638e;/home/ndkd/lab/ihpc/aoc/architecture-opt-hpc-NPBMG/NPBx/NPB-CPP/NPB-OMP/MG/mg.cpp:1112;MOV	0x88(%RSP),%RSI;
0x406396;/home/ndkd/lab/ihpc/aoc/architecture-opt-hpc-NPBMG/NPBx/NPB-CPP/NPB-OMP/MG/mg.cpp:1112;MOV	0xf0(%RSP),%RAX;
0x40639e;/home/ndkd/lab/ihpc/aoc/architecture-opt-hpc-NPBMG/NPBx/NPB-CPP/NPB-OMP/MG/mg.cpp:1112;MOV	0x1b8(%RSP),%R8;
0x4063a6;/home/ndkd/lab/ihpc/aoc/architecture-opt-hpc-NPBMG/NPBx/NPB-CPP/NPB-OMP/MG/mg.cpp:1108;SUB	%R14,%RBP;
0x4063a9;/home/ndkd/lab/ihpc/aoc/architecture-opt-hpc-NPBMG/NPBx/NPB-CPP/NPB-OMP/MG/mg.cpp:1108;SAL	$0x4,%R14;
0x4063ad;/home/ndkd/lab/ihpc/aoc/architecture-opt-hpc-NPBMG/NPBx/NPB-CPP/NPB-OMP/MG/mg.cpp:1108;MOV	%RCX,0x1f8(%RSP);
0x4063b5;/home/ndkd/lab/ihpc/aoc/architecture-opt-hpc-NPBMG/NPBx/NPB-CPP/NPB-OMP/MG/mg.cpp:1108;MOV	%RDI,0x208(%RSP);
0x4063bd;/home/ndkd/lab/ihpc/aoc/architecture-opt-hpc-NPBMG/NPBx/NPB-CPP/NPB-OMP/MG/mg.cpp:1108;NOPL	(%RAX);
0x4063c0;/home/ndkd/lab/ihpc/aoc/architecture-opt-hpc-NPBMG/NPBx/NPB-CPP/NPB-OMP/MG/mg.cpp:1110;VMOVSD	(%R9,%R14,1),%XMM1;  (56) 
0x4063c6;/home/ndkd/lab/ihpc/aoc/architecture-opt-hpc-NPBMG/NPBx/NPB-CPP/NPB-OMP/MG/mg.cpp:1108;ADD	$0x10,%R9;  (56) 
0x4063ca;/home/ndkd/lab/ihpc/aoc/architecture-opt-hpc-NPBMG/NPBx/NPB-CPP/NPB-OMP/MG/mg.cpp:1110;VADDSD	(%R13,%R14,1),%XMM1,%XMM1;  (56) 
0x4063d1;/home/ndkd/lab/ihpc/aoc/architecture-opt-hpc-NPBMG/NPBx/NPB-CPP/NPB-OMP/MG/mg.cpp:1108;ADD	$0x10,%R13;  (56) 
0x4063d5;/home/ndkd/lab/ihpc/aoc/architecture-opt-hpc-NPBMG/NPBx/NPB-CPP/NPB-OMP/MG/mg.cpp:1111;VADDSD	(%RDX,%R14,1),%XMM1,%XMM1;  (56) 
0x4063db;/home/ndkd/lab/ihpc/aoc/architecture-opt-hpc-NPBMG/NPBx/NPB-CPP/NPB-OMP/MG/mg.cpp:1108;ADD	$0x10,%RDX;  (56) 
0x4063df;/home/ndkd/lab/ihpc/aoc/architecture-opt-hpc-NPBMG/NPBx/NPB-CPP/NPB-OMP/MG/mg.cpp:1111;VADDSD	(%RBX,%R14,1),%XMM1,%XMM1;  (56) 
0x4063e5;/home/ndkd/lab/ihpc/aoc/architecture-opt-hpc-NPBMG/NPBx/NPB-CPP/NPB-OMP/MG/mg.cpp:1108;ADD	$0x10,%RBX;  (56) 
0x4063e9;/home/ndkd/lab/ihpc/aoc/architecture-opt-hpc-NPBMG/NPBx/NPB-CPP/NPB-OMP/MG/mg.cpp:1110;VMOVSD	%XMM1,(%R12,%R14,1);  (56) 
0x4063ef;/home/ndkd/lab/ihpc/aoc/architecture-opt-hpc-NPBMG/NPBx/NPB-CPP/NPB-OMP/MG/mg.cpp:1108;ADD	$0x10,%R12;  (56) 
0x4063f3;/home/ndkd/lab/ihpc/aoc/architecture-opt-hpc-NPBMG/NPBx/NPB-CPP/NPB-OMP/MG/mg.cpp:1112;VMOVSD	(%R15,%R14,1),%XMM1;  (56) 
0x4063f9;/home/ndkd/lab/ihpc/aoc/architecture-opt-hpc-NPBMG/NPBx/NPB-CPP/NPB-OMP/MG/mg.cpp:1108;ADD	$0x10,%R15;  (56) 
0x4063fd;/home/ndkd/lab/ihpc/aoc/architecture-opt-hpc-NPBMG/NPBx/NPB-CPP/NPB-OMP/MG/mg.cpp:1112;VADDSD	(%R11,%R14,1),%XMM1,%XMM1;  (56) 
0x406403;/home/ndkd/lab/ihpc/aoc/architecture-opt-hpc-NPBMG/NPBx/NPB-CPP/NPB-OMP/MG/mg.cpp:1108;ADD	$0x10,%R11;  (56) 
0x406407;/home/ndkd/lab/ihpc/aoc/architecture-opt-hpc-NPBMG/NPBx/NPB-CPP/NPB-OMP/MG/mg.cpp:1113;VADDSD	(%RSI,%R14,1),%XMM1,%XMM1;  (56) 
0x40640d;/home/ndkd/lab/ihpc/aoc/architecture-opt-hpc-NPBMG/NPBx/NPB-CPP/NPB-OMP/MG/mg.cpp:1108;ADD	$0x10,%RSI;  (56) 
0x406411;/home/ndkd/lab/ihpc/aoc/architecture-opt-hpc-NPBMG/NPBx/NPB-CPP/NPB-OMP/MG/mg.cpp:1113;VADDSD	(%RAX,%R14,1),%XMM1,%XMM1;  (56) 
0x406417;/home/ndkd/lab/ihpc/aoc/architecture-opt-hpc-NPBMG/NPBx/NPB-CPP/NPB-OMP/MG/mg.cpp:1108;ADD	$0x10,%RAX;  (56) 
0x40641b;/home/ndkd/lab/ihpc/aoc/architecture-opt-hpc-NPBMG/NPBx/NPB-CPP/NPB-OMP/MG/mg.cpp:1112;VMOVSD	%XMM1,(%R8,%R14,1);  (56) 
0x406421;/home/ndkd/lab/ihpc/aoc/architecture-opt-hpc-NPBMG/NPBx/NPB-CPP/NPB-OMP/MG/mg.cpp:1108;ADD	$0x10,%R8;  (56) 
0x406425;/home/ndkd/lab/ihpc/aoc/architecture-opt-hpc-NPBMG/NPBx/NPB-CPP/NPB-OMP/MG/mg.cpp:1108;DEC	%RBP;  (56) 
0x406428;/home/ndkd/lab/ihpc/aoc/architecture-opt-hpc-NPBMG/NPBx/NPB-CPP/NPB-OMP/MG/mg.cpp:1108;JNE	4063c0 <_ZL4mg3PPdS_S_S_S_iiii+0x8c0>;  (56) 
0x40642a;/home/ndkd/lab/ihpc/aoc/architecture-opt-hpc-NPBMG/NPBx/NPB-CPP/NPB-OMP/MG/mg.cpp:1108;MOV	(%RSP),%RAX;
0x40642e;/home/ndkd/lab/ihpc/aoc/architecture-opt-hpc-NPBMG/NPBx/NPB-CPP/NPB-OMP/MG/mg.cpp:1108;CMPL	$0x2,0xb4(%RSP);
0x406436;/home/ndkd/lab/ihpc/aoc/architecture-opt-hpc-NPBMG/NPBx/NPB-CPP/NPB-OMP/MG/mg.cpp:1108;MOV	0x1a8(%RSP),%R13;
0x40643e;/home/ndkd/lab/ihpc/aoc/architecture-opt-hpc-NPBMG/NPBx/NPB-CPP/NPB-OMP/MG/mg.cpp:1108;MOV	0x1a0(%RSP),%RSI;
0x406446;/home/ndkd/lab/ihpc/aoc/architecture-opt-hpc-NPBMG/NPBx/NPB-CPP/NPB-OMP/MG/mg.cpp:1108;MOV	0x190(%RSP),%R8;
0x40644e;/home/ndkd/lab/ihpc/aoc/architecture-opt-hpc-NPBMG/NPBx/NPB-CPP/NPB-OMP/MG/mg.cpp:1108;MOV	0x228(%RSP),%RCX;
0x406456;/home/ndkd/lab/ihpc/aoc/architecture-opt-hpc-NPBMG/NPBx/NPB-CPP/NPB-OMP/MG/mg.cpp:1108;MOV	0xf0(%RSP),%R12;
0x40645e;/home/ndkd/lab/ihpc/aoc/architecture-opt-hpc-NPBMG/NPBx/NPB-CPP/NPB-OMP/MG/mg.cpp:1108;MOV	0x220(%RSP),%RBX;
0x406466;/home/ndkd/lab/ihpc/aoc/architecture-opt-hpc-NPBMG/NPBx/NPB-CPP/NPB-OMP/MG/mg.cpp:1108;MOV	0x88(%RSP),%R9;
0x40646e;/home/ndkd/lab/ihpc/aoc/architecture-opt-hpc-NPBMG/NPBx/NPB-CPP/NPB-OMP/MG/mg.cpp:1108;MOV	0x80(%RSP),%RBP;
0x406476;/home/ndkd/lab/ihpc/aoc/architecture-opt-hpc-NPBMG/NPBx/NPB-CPP/NPB-OMP/MG/mg.cpp:1108;MOV	0x98(%RSP),%R15;
0x40647e;/home/ndkd/lab/ihpc/aoc/architecture-opt-hpc-NPBMG/NPBx/NPB-CPP/NPB-OMP/MG/mg.cpp:1108;MOV	0x90(%RSP),%R11;
0x406486;/home/ndkd/lab/ihpc/aoc/architecture-opt-hpc-NPBMG/NPBx/NPB-CPP/NPB-OMP/MG/mg.cpp:1108;MOV	0xe8(%RSP),%RDI;
0x40648e;/home/ndkd/lab/ihpc/aoc/architecture-opt-hpc-NPBMG/NPBx/NPB-CPP/NPB-OMP/MG/mg.cpp:1108;MOV	$0x1,%R14D;
0x406494;/home/ndkd/lab/ihpc/aoc/architecture-opt-hpc-NPBMG/NPBx/NPB-CPP/NPB-OMP/MG/mg.cpp:1108;MOV	%RAX,(%RSP);
0x406498;/home/ndkd/lab/ihpc/aoc/architecture-opt-hpc-NPBMG/NPBx/NPB-CPP/NPB-OMP/MG/mg.cpp:1115;JE	4065a3 <_ZL4mg3PPdS_S_S_S_iiii+0xaa3>;
0x40649e;/home/ndkd/lab/ihpc/aoc/architecture-opt-hpc-NPBMG/NPBx/NPB-CPP/NPB-OMP/MG/mg.cpp:1115;XOR	%EDX,%EDX;
0x4064a0;/home/ndkd/lab/ihpc/aoc/architecture-opt-hpc-NPBMG/NPBx/NPB-CPP/NPB-OMP/MG/mg.cpp:1119;VMOVSD	0x18(%R11,%RDX,2),%XMM2;  (59) 
0x4064a7;/home/ndkd/lab/ihpc/aoc/architecture-opt-hpc-NPBMG/NPBx/NPB-CPP/NPB-OMP/MG/mg.cpp:1117;VMOVSD	0x18(%RBP,%RDX,2),%XMM1;  (59) 
0x4064ad;/home/ndkd/lab/ihpc/aoc/architecture-opt-hpc-NPBMG/NPBx/NPB-CPP/NPB-OMP/MG/mg.cpp:1122;VMULSD	-0x18(%R10,%RDX,2),%XMM6,%XMM3;  (59) 
0x4064b4;/home/ndkd/lab/ihpc/aoc/architecture-opt-hpc-NPBMG/NPBx/NPB-CPP/NPB-OMP/MG/mg.cpp:1124;VMOVSD	-0x10(%RSI,%RDX,2),%XMM13;  (59) 
0x4064ba;/home/ndkd/lab/ihpc/aoc/architecture-opt-hpc-NPBMG/NPBx/NPB-CPP/NPB-OMP/MG/mg.cpp:1123;VADDSD	0x18(%RCX,%RDX,2),%XMM2,%XMM2;  (59) 
0x4064c0;/home/ndkd/lab/ihpc/aoc/architecture-opt-hpc-NPBMG/NPBx/NPB-CPP/NPB-OMP/MG/mg.cpp:1124;VADDSD	0x18(%R15,%RDX,2),%XMM1,%XMM1;  (59) 
0x4064c7;/home/ndkd/lab/ihpc/aoc/architecture-opt-hpc-NPBMG/NPBx/NPB-CPP/NPB-OMP/MG/mg.cpp:1119;VADDSD	0x18(%RBX,%RDX,2),%XMM2,%XMM2;  (59) 
0x4064cd;/home/ndkd/lab/ihpc/aoc/architecture-opt-hpc-NPBMG/NPBx/NPB-CPP/NPB-OMP/MG/mg.cpp:1117;VADDSD	0x18(%R9,%RDX,2),%XMM1,%XMM1;  (59) 
0x4064d4;/home/ndkd/lab/ihpc/aoc/architecture-opt-hpc-NPBMG/NPBx/NPB-CPP/NPB-OMP/MG/mg.cpp:1120;VADDSD	0x18(%RAX,%RDX,2),%XMM2,%XMM2;  (59) 
0x4064da;/home/ndkd/lab/ihpc/aoc/architecture-opt-hpc-NPBMG/NPBx/NPB-CPP/NPB-OMP/MG/mg.cpp:1118;VADDSD	0x18(%R12,%RDX,2),%XMM1,%XMM1;  (59) 
0x4064e1;/home/ndkd/lab/ihpc/aoc/architecture-opt-hpc-NPBMG/NPBx/NPB-CPP/NPB-OMP/MG/mg.cpp:1120;VADDSD	-0x20(%R10,%RDX,2),%XMM2,%XMM2;  (59) 
0x4064e8;/home/ndkd/lab/ihpc/aoc/architecture-opt-hpc-NPBMG/NPBx/NPB-CPP/NPB-OMP/MG/mg.cpp:1118;VADDSD	-0x20(%RSI,%RDX,2),%XMM1,%XMM1;  (59) 
0x4064ee;/home/ndkd/lab/ihpc/aoc/architecture-opt-hpc-NPBMG/NPBx/NPB-CPP/NPB-OMP/MG/mg.cpp:1123;VADDSD	-0x10(%R10,%RDX,2),%XMM2,%XMM2;  (59) 
0x4064f5;/home/ndkd/lab/ihpc/aoc/architecture-opt-hpc-NPBMG/NPBx/NPB-CPP/NPB-OMP/MG/mg.cpp:1124;VADDSD	%XMM1,%XMM13,%XMM1;  (59) 
0x4064f9;/home/ndkd/lab/ihpc/aoc/architecture-opt-hpc-NPBMG/NPBx/NPB-CPP/NPB-OMP/MG/mg.cpp:1123;VFMADD213SD	%XMM3,%XMM7,%XMM2;  (59) 
0x4064fe;/home/ndkd/lab/ihpc/aoc/architecture-opt-hpc-NPBMG/NPBx/NPB-CPP/NPB-OMP/MG/mg.cpp:1124;VFMADD213SD	%XMM2,%XMM8,%XMM1;  (59) 
0x406503;/home/ndkd/lab/ihpc/aoc/architecture-opt-hpc-NPBMG/NPBx/NPB-CPP/NPB-OMP/MG/mg.cpp:1125;VMOVSD	-0x10(%R13,%RDX,2),%XMM2;  (59) 
0x40650a;/home/ndkd/lab/ihpc/aoc/architecture-opt-hpc-NPBMG/NPBx/NPB-CPP/NPB-OMP/MG/mg.cpp:1125;VADDSD	-0x20(%R13,%RDX,2),%XMM2,%XMM4;  (59) 
0x406511;/home/ndkd/lab/ihpc/aoc/architecture-opt-hpc-NPBMG/NPBx/NPB-CPP/NPB-OMP/MG/mg.cpp:1125;VFMADD213SD	%XMM1,%XMM9,%XMM4;  (59) 
0x406516;/home/ndkd/lab/ihpc/aoc/architecture-opt-hpc-NPBMG/NPBx/NPB-CPP/NPB-OMP/MG/mg.cpp:1121;VMOVSD	%XMM4,-0x8(%RDI,%RDX,1);  (59) 
0x40651c;/home/ndkd/lab/ihpc/aoc/architecture-opt-hpc-NPBMG/NPBx/NPB-CPP/NPB-OMP/MG/mg.cpp:1117;VMOVSD	0x28(%RBP,%RDX,2),%XMM1;  (59) 
0x406522;/home/ndkd/lab/ihpc/aoc/architecture-opt-hpc-NPBMG/NPBx/NPB-CPP/NPB-OMP/MG/mg.cpp:1119;VMOVSD	0x28(%R11,%RDX,2),%XMM4;  (59) 
0x406529;/home/ndkd/lab/ihpc/aoc/architecture-opt-hpc-NPBMG/NPBx/NPB-CPP/NPB-OMP/MG/mg.cpp:1122;VMULSD	-0x8(%R10,%RDX,2),%XMM6,%XMM5;  (59) 
0x406530;/home/ndkd/lab/ihpc/aoc/architecture-opt-hpc-NPBMG/NPBx/NPB-CPP/NPB-OMP/MG/mg.cpp:1125;VADDSD	(%R13,%RDX,2),%XMM2,%XMM2;  (59) 
0x406537;/home/ndkd/lab/ihpc/aoc/architecture-opt-hpc-NPBMG/NPBx/NPB-CPP/NPB-OMP/MG/mg.cpp:1123;VADDSD	0x28(%RCX,%RDX,2),%XMM4,%XMM4;  (59) 
0x40653d;/home/ndkd/lab/ihpc/aoc/architecture-opt-hpc-NPBMG/NPBx/NPB-CPP/NPB-OMP/MG/mg.cpp:1124;VADDSD	0x28(%R15,%RDX,2),%XMM1,%XMM1;  (59) 
0x406544;/home/ndkd/lab/ihpc/aoc/architecture-opt-hpc-NPBMG/NPBx/NPB-CPP/NPB-OMP/MG/mg.cpp:1119;VADDSD	0x28(%RBX,%RDX,2),%XMM4,%XMM4;  (59) 
0x40654a;/home/ndkd/lab/ihpc/aoc/architecture-opt-hpc-NPBMG/NPBx/NPB-CPP/NPB-OMP/MG/mg.cpp:1117;VADDSD	0x28(%R9,%RDX,2),%XMM1,%XMM1;  (59) 
0x406551;/home/ndkd/lab/ihpc/aoc/architecture-opt-hpc-NPBMG/NPBx/NPB-CPP/NPB-OMP/MG/mg.cpp:1120;VADDSD	0x28(%RAX,%RDX,2),%XMM4,%XMM4;  (59) 
0x406557;/home/ndkd/lab/ihpc/aoc/architecture-opt-hpc-NPBMG/NPBx/NPB-CPP/NPB-OMP/MG/mg.cpp:1118;VADDSD	0x28(%R12,%RDX,2),%XMM1,%XMM1;  (59) 
0x40655e;/home/ndkd/lab/ihpc/aoc/architecture-opt-hpc-NPBMG/NPBx/NPB-CPP/NPB-OMP/MG/mg.cpp:1115;LEA	0x2(%R8,%R14,1),%RAX;  (59) 
0x406563;/home/ndkd/lab/ihpc/aoc/architecture-opt-hpc-NPBMG/NPBx/NPB-CPP/NPB-OMP/MG/mg.cpp:1115;ADD	$0x2,%R14;  (59) 
0x406567;/home/ndkd/lab/ihpc/aoc/architecture-opt-hpc-NPBMG/NPBx/NPB-CPP/NPB-OMP/MG/mg.cpp:1120;VADDSD	-0x10(%R10,%RDX,2),%XMM4,%XMM4;  (59) 
0x40656e;/home/ndkd/lab/ihpc/aoc/architecture-opt-hpc-NPBMG/NPBx/NPB-CPP/NPB-OMP/MG/mg.cpp:1123;VADDSD	(%R10,%RDX,2),%XMM4,%XMM4;  (59) 
0x406574;/home/ndkd/lab/ihpc/aoc/architecture-opt-hpc-NPBMG/NPBx/NPB-CPP/NPB-OMP/MG/mg.cpp:1118;VADDSD	%XMM1,%XMM13,%XMM1;  (59) 
0x406578;/home/ndkd/lab/ihpc/aoc/architecture-opt-hpc-NPBMG/NPBx/NPB-CPP/NPB-OMP/MG/mg.cpp:1124;VADDSD	(%RSI,%RDX,2),%XMM1,%XMM1;  (59) 
0x40657d;/home/ndkd/lab/ihpc/aoc/architecture-opt-hpc-NPBMG/NPBx/NPB-CPP/NPB-OMP/MG/mg.cpp:1123;VFMADD213SD	%XMM5,%XMM7,%XMM4;  (59) 
0x406582;/home/ndkd/lab/ihpc/aoc/architecture-opt-hpc-NPBMG/NPBx/NPB-CPP/NPB-OMP/MG/mg.cpp:1124;VFMADD213SD	%XMM4,%XMM8,%XMM1;  (59) 
0x406587;/home/ndkd/lab/ihpc/aoc/architecture-opt-hpc-NPBMG/NPBx/NPB-CPP/NPB-OMP/MG/mg.cpp:1125;VFMADD213SD	%XMM1,%XMM9,%XMM2;  (59) 
0x40658c;/home/ndkd/lab/ihpc/aoc/architecture-opt-hpc-NPBMG/NPBx/NPB-CPP/NPB-OMP/MG/mg.cpp:1121;VMOVSD	%XMM2,(%RDI,%RDX,1);  (59) 
0x406591;/home/ndkd/lab/ihpc/aoc/architecture-opt-hpc-NPBMG/NPBx/NPB-CPP/NPB-OMP/MG/mg.cpp:1115;ADD	$0x10,%RDX;  (59) 
0x406595;/home/ndkd/lab/ihpc/aoc/architecture-opt-hpc-NPBMG/NPBx/NPB-CPP/NPB-OMP/MG/mg.cpp:1115;CMP	$0x1,%RAX;  (59) 
0x406599;/home/ndkd/lab/ihpc/aoc/architecture-opt-hpc-NPBMG/NPBx/NPB-CPP/NPB-OMP/MG/mg.cpp:1115;MOV	(%RSP),%RAX;  (59) 
0x40659d;/home/ndkd/lab/ihpc/aoc/architecture-opt-hpc-NPBMG/NPBx/NPB-CPP/NPB-OMP/MG/mg.cpp:1115;JNE	4064a0 <_ZL4mg3PPdS_S_S_S_iiii+0x9a0>;  (59) 
0x4065a3;/home/ndkd/lab/ihpc/aoc/architecture-opt-hpc-NPBMG/NPBx/NPB-CPP/NPB-OMP/MG/mg.cpp:1115;TESTB	$0x1,0x1c0(%RSP);
0x4065ab;/home/ndkd/lab/ihpc/aoc/architecture-opt-hpc-NPBMG/NPBx/NPB-CPP/NPB-OMP/MG/mg.cpp:1115;MOV	0x8(%RSP),%RBP;
0x4065b0;/home/ndkd/lab/ihpc/aoc/architecture-opt-hpc-NPBMG/NPBx/NPB-CPP/NPB-OMP/MG/mg.cpp:1115;MOV	0x50(%RSP),%R9;
0x4065b5;/home/ndkd/lab/ihpc/aoc/architecture-opt-hpc-NPBMG/NPBx/NPB-CPP/NPB-OMP/MG/mg.cpp:1115;MOV	0x218(%RSP),%R8;
0x4065bd;/home/ndkd/lab/ihpc/aoc/architecture-opt-hpc-NPBMG/NPBx/NPB-CPP/NPB-OMP/MG/mg.cpp:1115;MOV	%RCX,%R11;
0x4065c0;/home/ndkd/lab/ihpc/aoc/architecture-opt-hpc-NPBMG/NPBx/NPB-CPP/NPB-OMP/MG/mg.cpp:1115;JE	406110 <_ZL4mg3PPdS_S_S_S_iiii+0x610>;
0x4065c6;/home/ndkd/lab/ihpc/aoc/architecture-opt-hpc-NPBMG/NPBx/NPB-CPP/NPB-OMP/MG/mg.cpp:1116;LEA	(%R14,%R14,1),%RAX;
0x4065ca;/home/ndkd/lab/ihpc/aoc/architecture-opt-hpc-NPBMG/NPBx/NPB-CPP/NPB-OMP/MG/mg.cpp:1116;SUB	0x178(%RSP),%RAX;
0x4065d2;/home/ndkd/lab/ihpc/aoc/architecture-opt-hpc-NPBMG/NPBx/NPB-CPP/NPB-OMP/MG/mg.cpp:1116;MOV	0xd8(%RSP),%RSI;
0x4065da;/home/ndkd/lab/ihpc/aoc/architecture-opt-hpc-NPBMG/NPBx/NPB-CPP/NPB-OMP/MG/mg.cpp:1116;MOV	0x1f0(%RSP),%RDX;
0x4065e2;/home/ndkd/lab/ihpc/aoc/architecture-opt-hpc-NPBMG/NPBx/NPB-CPP/NPB-OMP/MG/mg.cpp:1116;MOV	0xd0(%RSP),%RCX;
0x4065ea;/home/ndkd/lab/ihpc/aoc/architecture-opt-hpc-NPBMG/NPBx/NPB-CPP/NPB-OMP/MG/mg.cpp:1119;VMOVSD	0x8(%RSI,%RAX,8),%XMM2;
0x4065f0;/home/ndkd/lab/ihpc/aoc/architecture-opt-hpc-NPBMG/NPBx/NPB-CPP/NPB-OMP/MG/mg.cpp:1119;MOV	0x1e8(%RSP),%RSI;
0x4065f8;/home/ndkd/lab/ihpc/aoc/architecture-opt-hpc-NPBMG/NPBx/NPB-CPP/NPB-OMP/MG/mg.cpp:1117;VMOVSD	0x8(%RCX,%RAX,8),%XMM1;
0x4065fe;/home/ndkd/lab/ihpc/aoc/architecture-opt-hpc-NPBMG/NPBx/NPB-CPP/NPB-OMP/MG/mg.cpp:1123;VADDSD	0x8(%RDX,%RAX,8),%XMM2,%XMM2;
0x406604;/home/ndkd/lab/ihpc/aoc/architecture-opt-hpc-NPBMG/NPBx/NPB-CPP/NPB-OMP/MG/mg.cpp:1123;MOV	0xe0(%RSP),%RDX;
0x40660c;/home/ndkd/lab/ihpc/aoc/architecture-opt-hpc-NPBMG/NPBx/NPB-CPP/NPB-OMP/MG/mg.cpp:1119;VADDSD	0x8(%RSI,%RAX,8),%XMM2,%XMM2;
0x406612;/home/ndkd/lab/ihpc/aoc/architecture-opt-hpc-NPBMG/NPBx/NPB-CPP/NPB-OMP/MG/mg.cpp:1119;MOV	0xc8(%RSP),%RSI;
0x40661a;/home/ndkd/lab/ihpc/aoc/architecture-opt-hpc-NPBMG/NPBx/NPB-CPP/NPB-OMP/MG/mg.cpp:1120;VADDSD	0x8(%RDX,%RAX,8),%XMM2,%XMM2;
0x406620;/home/ndkd/lab/ihpc/aoc/architecture-opt-hpc-NPBMG/NPBx/NPB-CPP/NPB-OMP/MG/mg.cpp:1120;MOV	0x210(%RSP),%RDX;
0x406628;/home/ndkd/lab/ihpc/aoc/architecture-opt-hpc-NPBMG/NPBx/NPB-CPP/NPB-OMP/MG/mg.cpp:1120;LEA	(%RSI,%RDX,8),%RCX;
0x40662c;/home/ndkd/lab/ihpc/aoc/architecture-opt-hpc-NPBMG/NPBx/NPB-CPP/NPB-OMP/MG/mg.cpp:1120;MOV	0x208(%RSP),%RDX;
0x406634;/home/ndkd/lab/ihpc/aoc/architecture-opt-hpc-NPBMG/NPBx/NPB-CPP/NPB-OMP/MG/mg.cpp:1120;MOV	0x200(%RSP),%RSI;
0x40663c;/home/ndkd/lab/ihpc/aoc/architecture-opt-hpc-NPBMG/NPBx/NPB-CPP/NPB-OMP/MG/mg.cpp:1120;VADDSD	(%RCX,%RAX,8),%XMM2,%XMM2;
0x406641;/home/ndkd/lab/ihpc/aoc/architecture-opt-hpc-NPBMG/NPBx/NPB-CPP/NPB-OMP/MG/mg.cpp:1122;VMULSD	0x8(%RCX,%RAX,8),%XMM6,%XMM3;
0x406647;/home/ndkd/lab/ihpc/aoc/architecture-opt-hpc-NPBMG/NPBx/NPB-CPP/NPB-OMP/MG/mg.cpp:1124;VADDSD	0x8(%RDX,%RAX,8),%XMM1,%XMM1;
0x40664d;/home/ndkd/lab/ihpc/aoc/architecture-opt-hpc-NPBMG/NPBx/NPB-CPP/NPB-OMP/MG/mg.cpp:1124;MOV	0x1f8(%RSP),%RDX;
0x406655;/home/ndkd/lab/ihpc/aoc/architecture-opt-hpc-NPBMG/NPBx/NPB-CPP/NPB-OMP/MG/mg.cpp:1123;VADDSD	0x10(%RCX,%RAX,8),%XMM2,%XMM2;
0x40665b;/home/ndkd/lab/ihpc/aoc/architecture-opt-hpc-NPBMG/NPBx/NPB-CPP/NPB-OMP/MG/mg.cpp:1123;MOV	0x180(%RSP),%RCX;
0x406663;/home/ndkd/lab/ihpc/aoc/architecture-opt-hpc-NPBMG/NPBx/NPB-CPP/NPB-OMP/MG/mg.cpp:1117;VADDSD	0x8(%RSI,%RAX,8),%XMM1,%XMM1;
0x406669;/home/ndkd/lab/ihpc/aoc/architecture-opt-hpc-NPBMG/NPBx/NPB-CPP/NPB-OMP/MG/mg.cpp:1118;VADDSD	0x8(%RDX,%RAX,8),%XMM1,%XMM1;
0x40666f;/home/ndkd/lab/ihpc/aoc/architecture-opt-hpc-NPBMG/NPBx/NPB-CPP/NPB-OMP/MG/mg.cpp:1118;VADDSD	0x1250(%RSP,%RAX,8),%XMM1,%XMM1;
0x406678;/home/ndkd/lab/ihpc/aoc/architecture-opt-hpc-NPBMG/NPBx/NPB-CPP/NPB-OMP/MG/mg.cpp:1123;VFMADD132SD	%XMM7,%XMM3,%XMM2;
0x40667d;/home/ndkd/lab/ihpc/aoc/architecture-opt-hpc-NPBMG/NPBx/NPB-CPP/NPB-OMP/MG/mg.cpp:1125;VMOVSD	0x240(%RSP,%RAX,8),%XMM3;
0x406686;/home/ndkd/lab/ihpc/aoc/architecture-opt-hpc-NPBMG/NPBx/NPB-CPP/NPB-OMP/MG/mg.cpp:1125;VADDSD	0x230(%RSP,%RAX,8),%XMM3,%XMM3;
0x40668f;/home/ndkd/lab/ihpc/aoc/architecture-opt-hpc-NPBMG/NPBx/NPB-CPP/NPB-OMP/MG/mg.cpp:1124;VADDSD	0x1260(%RSP,%RAX,8),%XMM1,%XMM1;
0x406698;/home/ndkd/lab/ihpc/aoc/architecture-opt-hpc-NPBMG/NPBx/NPB-CPP/NPB-OMP/MG/mg.cpp:1124;MOV	%R8,%RAX;
0x40669b;/home/ndkd/lab/ihpc/aoc/architecture-opt-hpc-NPBMG/NPBx/NPB-CPP/NPB-OMP/MG/mg.cpp:1124;IMUL	%RBP,%RAX;
0x40669f;/home/ndkd/lab/ihpc/aoc/architecture-opt-hpc-NPBMG/NPBx/NPB-CPP/NPB-OMP/MG/mg.cpp:1124;LEA	(%RCX,%RAX,8),%RAX;
0x4066a3;/home/ndkd/lab/ihpc/aoc/architecture-opt-hpc-NPBMG/NPBx/NPB-CPP/NPB-OMP/MG/mg.cpp:1124;VFMADD132SD	%XMM8,%XMM2,%XMM1;
0x4066a8;/home/ndkd/lab/ihpc/aoc/architecture-opt-hpc-NPBMG/NPBx/NPB-CPP/NPB-OMP/MG/mg.cpp:1125;VFMADD132SD	%XMM9,%XMM1,%XMM3;
0x4066ad;/home/ndkd/lab/ihpc/aoc/architecture-opt-hpc-NPBMG/NPBx/NPB-CPP/NPB-OMP/MG/mg.cpp:1121;VMOVSD	%XMM3,(%RAX,%R14,8);
0x4066b3;/home/ndkd/lab/ihpc/aoc/architecture-opt-hpc-NPBMG/NPBx/NPB-CPP/NPB-OMP/MG/mg.cpp:1121;JMP	406110 <_ZL4mg3PPdS_S_S_S_iiii+0x610>;
